Team Name,Leader Name,Leader Email,Leader Phone,Leader College,Members
Quia eaque,Tiya Krishnamurthy,tiyakrishnamurthy@example.com,8421266071,"Amity University (AU), Gwalior, Madhya Pradesh",tiyakrishnamurthy@example.com
Ab eius,Aaryahi Gara,aaryahigara@example.com,9207423064,Sister Nivedita University (SNU),"aaryahigara@example.com,krishmadan@example.com,shlokvarughese@example.com"
Illo impedit,Ahana  Gokhale,ahanagokhale@example.com,5318661231,Ms Enterprise,ahanagokhale@example.com
Ex sapiente,Anahi Varghese,anahivarghese@example.com,912336154745,"Subodh Public School, Rambagh, Jaipur",anahivarghese@example.com
Labore aliquid,Eshani Kunda,eshanikunda@example.com,8716251234,Ramanand Arya D.A.V. College,eshanikunda@example.com
Cupiditate accusamus,Ivana Baria,ivanabaria@example.com,7951352026,"Vignan's Institute of Information Technology, Andhra Pradesh",ivanabaria@example.com
Distinctio fugit,Zeeshan Shetty,zeeshanshetty@example.com,9450753210,"Vignan's Institute of Information Technology, Andhra Pradesh",zeeshanshetty@example.com
Repellendus at,Ira Baral,irabaral@example.com,916378372357,"Ajay Kumar Garg Engineering College (AKGEC), Ghaziabad","irabaral@example.com,reyanshgrewal@example.com"
Aperiam eaque,Shalv Chakraborty,shalvchakraborty@example.com,6839250990,"Govind Ballabh Pant Engineering College, Pauri (GBPEC)",shalvchakraborty@example.com
Velit quae,Tanya Chawla,tanyachawla@example.com,5756579507,"Vignan's Institute of Information Technology (VIIT), Duvvada, Visakhapatnam",tanyachawla@example.com
Totam quos,Arnav Saraf,arnavsaraf@example.com,8294195498,Institute of Company Secretaries of India,arnavsaraf@example.com
Doloremque voluptas,Ayesha Barman,ayeshabarman@example.com,5976726424,"Vignan's Institute of Information Technology, Andhra Pradesh",ayeshabarman@example.com
Consequuntur corporis,Saira Sharma,sairasharma@example.com,918518779124,"Sambalpur University Institute of Information Technology (SUIIT), Sambalpur University","sairasharma@example.com,amirasidhu@example.com"
Vero nobis,Kiara Tata,kiaratata@example.com,2706296979,"MET Institute of Management (MET), Mumbai",kiaratata@example.com
Ea possimus,Mohanlal Bhandari,mohanlalbhandari@example.com,5415737328,"VSM's Somashekhar R Kothiwale Institute of Technology, Nipani, Karnataka",mohanlalbhandari@example.com
Provident sint,Tarini Comar,tarinicomar@example.com,346861169,"Chhatrapati Shahu Ji Maharaj University (CSJMU), Kanpur",tarinicomar@example.com
Rem adipisci,Urvi Ben,urviben@example.com,6364759102,"Accurate Institute of Management And Technology (AIMT), Greater Noida",urviben@example.com
Doloremque nostrum,Shayak Chanda,shayakchanda@example.com,3059126052,"Sambalpur University Institute of Information Technology (SUIIT), Sambalpur University",shayakchanda@example.com
Soluta iusto,Anay Anne,anayanne@example.com,3870317061,"Dr. Bhimrao Ambedkar University (DBAU), Agra, Uttar Pradesh",anayanne@example.com
Numquam dolor,Prerak Salvi,preraksalvi@example.com,919945147871,Jadavpur University,preraksalvi@example.com
Quidem,Ryan Gera,ryangera@example.com,4729572722,Jadavpur University,ryangera@example.com
Possimus aliquam,Fateh Tandon,fatehtandon@example.com,689379580,"Symbiosis Centre for Management and Human Resource Development (SCMHRD), Pune",fatehtandon@example.com
Doloribus,Sahil Subramaniam,sahilsubramaniam@example.com,916396796032,"Samrat Ashok Technological Institute, Vidisha (M.P.)","sahilsubramaniam@example.com,krishbose@example.com,tanyatrivedi@example.com"
Impedit aliquam,Dhanuk Hayer,dhanukhayer@example.com,911974186460,Berhampur University,dhanukhayer@example.com
Maxime quos,Aniruddh Chander,aniruddhchander@example.com,7924270076,Dr. APJ Abdul Kalam Technical University,"aniruddhchander@example.com,yuvrajbali@example.com,lavanyakanda@example.com"
Nam deleniti,Hazel Mane,hazelmane@example.com,9865906390,"Jadavpur University (JU), Kolkata",hazelmane@example.com
Voluptates error,Anya Mane,anyamane@example.com,3649241486,"Jwala Devi Mahavidyalay Retahi, Manikpur, Kunda Pratapgrah",anyamane@example.com
Autem,Pranay Yogi,pranayyogi@example.com,914611162072,"Mumbai University (MU), Mumbai",pranayyogi@example.com
Exercitationem accusamus,Ira Borde,iraborde@example.com,8879823635,IIT,iraborde@example.com
Dignissimos amet,Arhaan Tandon,arhaantandon@example.com,65557455,"Sambalpur University Institute of Information Technology (SUIIT), Sambalpur University","arhaantandon@example.com,arhaanbose@example.com"
Nesciunt necessitatibus,Samarth Sibal,samarthsibal@example.com,1244251576,"Dr. Vishwanath Karad MIT World Peace University (MIT-WPU), Pune",samarthsibal@example.com
Quaerat quos,Ritvik Walia,ritvikwalia@example.com,917233372529,"United College Of Engineering and Research (UCER), Allahabad",ritvikwalia@example.com
Ducimus fugit,Jayant Shan,jayantshan@example.com,915274595604,WBUAFS,jayantshan@example.com
Culpa eos,Vedika Swamy,vedikaswamy@example.com,5272516645,"MITWPU Department of Computer Engineering, Pune, Maharashtra",vedikaswamy@example.com
Distinctio asperiores,Raghav Raju,raghavraju@example.com,911966210587,"Indian Institute of Technology (IIT), Kharagpur",raghavraju@example.com
Cul dignissimos,Rhea Reddy,rheareddy@example.com,910111625776,"Vellore Institute of Technology (VIT), Vellore",rheareddy@example.com
Dicta,Zoya Swaminathan,zoyaswaminathan@example.com,917418534301,"Dr. Vishwanath Karad MIT World Peace University (MIT-WPU), Pune",zoyaswaminathan@example.com
Possimus enim,Kimaya Hayer,kimayahayer@example.com,7675223620,"St, Vincent Pallotti College, Raipur",kimayahayer@example.com
Iure vitae,Dhruv Lad,dhruvlad@example.com,919186563057,Einstein academy of technology and management,dhruvlad@example.com
Quibusdam illum,Ishaan Toor,ishaantoor@example.com,917870667173,"Jadavpur University (JU), Kolkata",ishaantoor@example.com
Saepe esse,Rati Subramanian,ratisubramanian@example.com,4181398738,Vidyasagar Evening College,ratisubramanian@example.com
Ut,Elakshi Grewal,elakshigrewal@example.com,917011441469,"Dr. GY Pathrikar College of CS & IT, Aurangabad, Maharashtra",elakshigrewal@example.com
Itaque quidem,Emir Grover,emirgrover@example.com,4227056161,"JSS Academy of Technical Education (JSSATE), Noida",emirgrover@example.com
Ratione sint,Jhanvi Joshi,jhanvijoshi@example.com,919904006736,"Arka Jain University (AJU), Jamshedpur",jhanvijoshi@example.com
Amet incidunt,Vidur Mandal,vidurmandal@example.com,5713506290,"Jadavpur University (JU), Kolkata","vidurmandal@example.com,ritvikamble@example.com,ishaanmani@example.com"
Eaque similique,Heer Lanka,heerlanka@example.com,85011221,"Indian Institute of Technology (IIT), Madras",heerlanka@example.com
Unde porro,Divit Majumdar,divitmajumdar@example.com,913558432334,"Jadavpur University (JU), Kolkata","divitmajumdar@example.com,mehulvenkataraman@example.com,bhavinchaudhari@example.com"
Error perspiciatis,Seher Wali,seherwali@example.com,919120827482,"Government College of Engineering, Ratnagiri",seherwali@example.com
Inventore,Alisha Walia,alishawalia@example.com,3749003492,"Rajiv Gandhi Institute of Petroleum Technology (RGIPT), Jais, Uttar Pradesh","alishawalia@example.com,madhavratta@example.com"
Mollitia unde,Purab Tailor,purabtailor@example.com,4331718106,"Sant Longowal Institute of Engineering and Technology, Longowal, Punjab","purabtailor@example.com,vedikasha@example.com"
Fuga voluptas,Anahita Ramachandran,anahitaramachandran@example.com,912412274229,"Nirma University, Ahmedabad",anahitaramachandran@example.com
Quidem dolore,Yuvraj  Apte,yuvrajapte@example.com,7150285555,Xavier School of Management,yuvrajapte@example.com
Veniam distinctio,Vedika Borde,vedikaborde@example.com,915131535796,"J.C. Bose University of Science and Technology, YMCA, Faridabad",vedikaborde@example.com
Perferendis quia,Misha Majumdar,mishamajumdar@example.com,910632445985,"Heritage Institute of Technology (HIT), Kolkata",mishamajumdar@example.com
Volestias ad,Indrajit Sridhar,indrajitsridhar@example.com,911632816343,"Ramkrishna Mahato Government Engineering College, Purulia",indrajitsridhar@example.com
A culque,Zara Grewal,zaragrewal@example.com,1163093259,Mahendra Educational Pvt. Ltd.,zaragrewal@example.com
Aspernatur eaque,Zeeshan Dalal,zeeshandalal@example.com,5618613191,"Jadavpur University (JU), Kolkata","zeeshandalal@example.com,stuvansolanki@example.com,kabirbakshi@example.com"
Nam earum,Ayesha Mahal,ayeshamahal@example.com,911307895716,Indian Institute of Technology (Indian School of Mines),ayeshamahal@example.com
Quis voluptate,Kashvi Kala,kashvikala@example.com,7650015512,"Pranveer Singh Institute of Technology (PSIT), Kanpur",kashvikala@example.com
Sint eveniet,Biju Dada,bijudada@example.com,3206760019,"Global Nature Care Sangathan Group of Institutions (GNCSGI), Jabalpur, Madhya Pradesh",bijudada@example.com
Ullam quaerat,Ishaan Sidhu,ishaansidhu@example.com,911020496734,"Fabtech Technical Campus (FTC), Sangola, Maharashtra",ishaansidhu@example.com
Unde voluptates,Pari Lall,parilall@example.com,912582322709,"Dr. D.Y. Patil Institute of Technology Pimpri, Pune",parilall@example.com
Est unde,Ranbir Tata,ranbirtata@example.com,7819401491,"Pranveer Singh Institute of Technology (PSIT), Kanpur",ranbirtata@example.com
Aliquid maiores,Krish Ganesh,krishganesh@example.com,5241954524,"Ajay Kumar Garg Engineering College (AKGEC), Ghaziabad",krishganesh@example.com
Illo culpa,Divij Dalal,divijdalal@example.com,8057582205,"Sankalchand Patel College of Engineering (SPCE), Visnagar, Gujarat",divijdalal@example.com
Quibusdam quibusdam,Krish Master,krishmaster@example.com,915336803329,"SJB Institute of Technology (SJBIT), Bengaluru",krishmaster@example.com
Magnam aut,Sahil Rama,sahilrama@example.com,4742940547,"Visvesvariya Technology University, Belgaum",sahilrama@example.com
Dicta quaerat,Zoya Bassi,zoyabassi@example.com,913188983610,"Amrita School of Engineering (ASE), Bangalore",zoyabassi@example.com
Quae exercitationem,Jayant Dhillon,jayantdhillon@example.com,7976527791,"Gaya College of Engineering (GCE), Gaya",jayantdhillon@example.com
Sint earum,Shray Dhillon,shraydhillon@example.com,2660588338,"Aditya Engineering College (AEC), Andhra Pradesh",shraydhillon@example.com
Recusandae eaque,Sara Chaudhary,sarachaudhary@example.com,919264505465,"Brainware University, Kolkata",sarachaudhary@example.com
Fugiat dignissimos,Rhea Srinivas,rheasrinivas@example.com,878999037,"Godavari Institute of Engineering and Technology, AP",rheasrinivas@example.com
Iure eum,Divyansh Deo,divyanshdeo@example.com,4378398784,"Global Nature Care Sangathan Group of Institutions (GNCSGI), Jabalpur, Madhya Pradesh",divyanshdeo@example.com
Sapiente eveniet,Jayesh Jani,jayeshjani@example.com,917509276360,Gouthami institute of technology and management for women,jayeshjani@example.com
Sunt perferendis,Ishita Mani,ishitamani@example.com,915305823821,"Pranveer Singh Institute of Technology (PSIT), Kanpur",ishitamani@example.com
Reiciendis hic,Gokul Bhalla,gokulbhalla@example.com,914245666816,"Government Engineering College (GEC), Bilaspur",gokulbhalla@example.com
Eligendi,Mannat Ratta,mannatratta@example.com,8223359188,"SR University, Warangal",mannatratta@example.com
Ducimus inventore,Zaina Rout,zainarout@example.com,3343807270,"Jain University (JU), Bangalore",zainarout@example.com
Quia laboriosam,Urvi Dayal,urvidayal@example.com,913517465084,"Acharya Institute of Technology (AIT), Bangalore",urvidayal@example.com
Sequi perferendis,Seher Rajan,seherrajan@example.com,6156709871,"ITER, SOA UNIVERSITY",seherrajan@example.com
Minus quos,Indrajit Madan,indrajitmadan@example.com,1121200558,"Vasireddy Venkatadri Institute of Technology, Namburu, Andhra Pradesh",indrajitmadan@example.com
Neque tenetur,Mishti Tandon,mishtitandon@example.com,918017009016,"Rampurhat College, Rampurhat, West Bengal",mishtitandon@example.com
Iste quisquam,Saira Wali,sairawali@example.com,7963801451,"Rampurhat College, Rampurhat, West Bengal",sairawali@example.com
Doloremque ut,Bhavin Bala,bhavinbala@example.com,5921133674,"Techno Main Salt Lake, Kolkata, West Bengal",bhavinbala@example.com
Hic nulla,Nirvi Goswami,nirvigoswami@example.com,908778388,"Techno Main Salt Lake, Kolkata, West Bengal",nirvigoswami@example.com
Quasi,Farhan Ramesh,farhanramesh@example.com,9378726098,JADAVPUR UNIVERSITY,"farhanramesh@example.com, samarthtella@example.com"
Quod facilis,Emir Sankaran,emirsankaran@example.com,7142657970,Jadavpur University,emirsankaran@example.com
Culque deserunt,Aaryahi Sule,aaryahisule@example.com,5396756934,Jadavpur University ,aaryahisule@example.com
Nesciunt,Riaan Dave,riaandave@example.com,918530403071,University of calcutta,"riaandave@example.com, vivaansathe@example.com, daminilall@example.com"
Architecto neque,Prerak Sant,preraksant@example.com,6732270572,Jadavpur University,"preraksant@example.com, siyajayaraman@example.com"
Aspernatur harum,Samar Mandal,samarmandal@example.com,3558241866,RCCIIT,samarmandal@example.com
Sapiente eius,Riaan Sani,riaansani@example.com,4307050694,JIS COLLEGE OF ENGINEERING ,riaansani@example.com
Modi,Aaina Doctor,aainadoctor@example.com,4333637794,Jadavpur University ,aainadoctor@example.com
Eveniet ipsa,Uthkarsh Chhabra,uthkarshchhabra@example.com,912706700399,Jadavpur University ,"uthkarshchhabra@example.com, dhanukagarwal@example.com"
Quo,Amira Desai,amiradesai@example.com,354371597,Jadavpur University,"amiradesai@example.com, hunarbhagat@example.com"
Iure,Zara Cherian,zaracherian@example.com,915449369251,Jalpaiguri Government Engineering College,"zaracherian@example.com, divijsehgal@example.com, sakshammaster@example.com"
Saepe perferendis,Kanav Chacko,kanavchacko@example.com,674571534,Jadavpur University,kanavchacko@example.com
Ullam temporibus,Kiaan Sodhi,kiaansodhi@example.com,2340102766,Jadavpur University,"kiaansodhi@example.com, taragaba@example.com"
Aliquid,Advika Singh,advikasingh@example.com,918196499626,Jadavpur university,"advikasingh@example.com, zaravasa@example.com, aarnachokshi@example.com"
Nesciunt alias,Aarna Kata,aarnakata@example.com,7887641418,Jadavpur University,"aarnakata@example.com, piyalal@example.com, hazelcherian@example.com"
Nihil a,Ivana Chandra,ivanachandra@example.com,914029365757,Heritage Institute of Technology ,"ivanachandra@example.com, daminiravel@example.com"
Inventore illo,Riya Dayal,riyadayal@example.com,8428318379,jadavpur university,"riyadayal@example.com, tanyaroy@example.com"
Ipsa,Kabir Buch,kabirbuch@example.com,4600534849,Jadavpur University ,"kabirbuch@example.com, armaanchokshi@example.com"
Recusandae fuga,Miraya Rajan,mirayarajan@example.com,910381717236,Jadavpur University ,"mirayarajan@example.com, sahilsood@example.com"
Autem blanditiis,Jiya Srivastava,jiyasrivastava@example.com,2139726853,Jadavpur University ,"jiyasrivastava@example.com, vivaankuruvilla@example.com, kanavd’alia@example.com"
Aspernatur consectetur,Lavanya Hayre,lavanyahayre@example.com,911508404903,Jadavpur University ,"lavanyahayre@example.com, nehmatsagar@example.com"
Ullam,Siya Shukla,siyashukla@example.com,3283538997,JU,"siyashukla@example.com, sanadhingra@example.com"
Incidunt,Mishti Mall,mishtimall@example.com,913470163634,Jadavpur University,"mishtimall@example.com, ojaschauhan@example.com"
Mollitia,Vivaan Sinha,vivaansinha@example.com,6813668180,University of Calcutta,"vivaansinha@example.com, dhanushdayal@example.com, lakshitkumer@example.com"
Quo et,Uthkarsh Swaminathan,uthkarshswaminathan@example.com,895524744,Jadavpur University,"uthkarshswaminathan@example.com, jivinsarin@example.com"
Eum corrupti,Yuvraj  Mahal,yuvrajmahal@example.com,4538934671,Heritage Institute of Technology ,"yuvrajmahal@example.com, jayeshverma@example.com"
Eaque eligendi,Neelofar D’Alia,neelofardalia@example.com,917150559050,Jadavpur University,"neelofardalia@example.com, samihakakar@example.com, kartikthaman@example.com"
Enim sequi,Kartik Khatri,kartikkhatri@example.com,916765567574,Jadavpur University,kartikkhatri@example.com
Hic minima,Neelofar Shan,neelofarshan@example.com,6875628284,Jadavpur University,"neelofarshan@example.com, amiramangal@example.com, urvibhargava@example.com"
Nesciunt doloribus,Siya Sandal,siyasandal@example.com,1720337951,Jadavpur University,siyasandal@example.com
Dolorum,Jivika Barad,jivikabarad@example.com,5043802453,Heritage Institute of Technology,"jivikabarad@example.com, aradhyahanda@example.com, alialuthra@example.com"
Quibusdam perferendis,Ishita Tandon,ishitatandon@example.com,919448803839,Jadavpur University,"ishitatandon@example.com, advikahayre@example.com, irakala@example.com"
Vel mollitia,Misha Borde,mishaborde@example.com,1777301293,Heritage Institute of Technology ,"mishaborde@example.com, zainaratti@example.com"
Non,Ivan Butala,ivanbutala@example.com,20086671,Jadavpur University,"ivanbutala@example.com, aarushdutta@example.com, reyanshlala@example.com"
Fuga inventore,Oorja Vasa,oorjavasa@example.com,6874221424,Jadavpur University ,"oorjavasa@example.com, zainabail@example.com, prerakbatta@example.com"
Soluta pariatur,Inaaya  Bail,inaayabail@example.com,1091292963,Jadavpur University,"inaayabail@example.com, alishasaraf@example.com, shaanbains@example.com"
Laboriosam laboriosam,Shray Subramaniam,shraysubramaniam@example.com,1991157894,Jadavpur University,shraysubramaniam@example.com
Id,Amira Deo,amiradeo@example.com,914122039484,Jadavpur University,"amiradeo@example.com, ahanahora@example.com, indranilchatterjee@example.com"
Laboriosam,Shamik Manda,shamikmanda@example.com,6265823534,Jadavpur University ,"shamikmanda@example.com, lakshayraju@example.com, advikdar@example.com"
Volestias,Ela Ghose,elaghose@example.com,910602419024,Jadavpur University,elaghose@example.com
Ipsum ab,Indranil Kumer,indranilkumer@example.com,333558103,Jadavpur University,indranilkumer@example.com
Qui nostrum,Zara Sura,zarasura@example.com,9602993648,Jadavpur University ,"zarasura@example.com, uthkarshdeol@example.com"
Itaque illo,Biju Dutta,bijudutta@example.com,6764043378,Jadavpur University,bijudutta@example.com
Id necessitatibus,Myra Soman,myrasoman@example.com,764975337,JADAVPUR UNIVERSITY,myrasoman@example.com
Iure unde,Darshit Kota,darshitkota@example.com,3331408017,Jadavpur University ,"darshitkota@example.com, arhaanmaster@example.com, ratichad@example.com"
Occaecati dolores,Anvi Jhaveri,anvijhaveri@example.com,2358125736,Jadavpur University ,"anvijhaveri@example.com, taradey@example.com, vritikamanne@example.com"
Quod,Hansh Ben,hanshben@example.com,918502694149,Heritage Institute of Technology ,"hanshben@example.com, veerwadhwa@example.com"
Consequatur,Alia Bandi,aliabandi@example.com,1066507907,Jadavpur University ,aliabandi@example.com
Labore soluta,Devansh Yohannan,devanshyohannan@example.com,599620618,Jadavpur University ,"devanshyohannan@example.com, taimurgarg@example.com"
Laboriosam aspernatur,Indrajit Dada,indrajitdada@example.com,3613209580,Jadavpur University ,"indrajitdada@example.com, nehmatbassi@example.com, samihakala@example.com"
Nulla,Purab Divan,purabdivan@example.com,7720318939,Jadavpur University,"purabdivan@example.com, piyavasa@example.com, anaysibal@example.com"
Nisi minima,Riya Koshy,riyakoshy@example.com,911197134221,Jadavpur University,riyakoshy@example.com
Ad a,Riaan Bala,riaanbala@example.com,4935175496,Jalpaiguri Government Engineering College ,"riaanbala@example.com, fatehsama@example.com"
Corporis,Umang Ramaswamy,umangramaswamy@example.com,7254844198,jadavpur university,"umangramaswamy@example.com, dhanukbhagat@example.com, nitarabrahmbhatt@example.com"
Animi,Ela Warrior,elawarrior@example.com,7550287369,Jadavpur University,"elawarrior@example.com, lakshitcomar@example.com"
Similique,Adah Mangal,adahmangal@example.com,7261056546,jadavpur university,"adahmangal@example.com, alialalla@example.com"
Cupiditate distinctio,Rasha Aggarwal,rashaaggarwal@example.com,3955266262,Jadavpur University,"rashaaggarwal@example.com, lakshitaggarwal@example.com"
Error ad,Diya Dada,diyadada@example.com,1735351614,JU,"diyadada@example.com, rheabora@example.com"
Minus quasi,Suhana Talwar,suhanatalwar@example.com,917498170808,Jadavpur University,"suhanatalwar@example.com, farhanbhatti@example.com, ryansamra@example.com"
Volestiae,Diya Sibal,diyasibal@example.com,7419836132,JADAVPUR UNIVERSITY,"diyasibal@example.com, advikadyal@example.com"
Possimus exercitationem,Tara Sinha,tarasinha@example.com,4236294009,Jadavpur University,"tarasinha@example.com, jayeshmall@example.com, jivikamallick@example.com"
Blanditiis eligendi,Ahana  Mahajan,ahanamahajan@example.com,916530970730,Jadavpur University ,ahanamahajan@example.com
Et,Nakul Swaminathan,nakulswaminathan@example.com,2825376360,JADAVPUR UNIVERSITY,"nakulswaminathan@example.com, purabedwin@example.com"
Placeat eaque,Kaira Karpe,kairakarpe@example.com,912883974944,Jadavpur University,kairakarpe@example.com
Saepe praesentium,Tanya Das,tanyadas@example.com,3633313752,Jadavpur University,"tanyadas@example.com, ratisandhu@example.com"
Veniam a,Vardaniya Upadhyay,vardaniyaupadhyay@example.com,368310383,Jadavpur University,"vardaniyaupadhyay@example.com, kabirdyal@example.com"
Libero soluta,Umang De,umangde@example.com,2632201661,JADAVPUR UNIVERSITY,"umangde@example.com, samarkar@example.com"
Odio praesentium,Ehsaan Rau,ehsaanrau@example.com,5247036335,Jadavpur University,"ehsaanrau@example.com, yashvichakraborty@example.com"
Incidunt libero,Tejas Upadhyay,tejasupadhyay@example.com,6372451250,Jadhavpur University,"tejasupadhyay@example.com, farhansarin@example.com, anyadora@example.com"
Volestias qui,Jayan Balakrishnan,jayanbalakrishnan@example.com,946098500,Jadavpur University ,"jayanbalakrishnan@example.com, tiyakannan@example.com"
Adipisci eos,Nakul Som,nakulsom@example.com,3720111394,JADAVPUR UNIVERSITY ,"nakulsom@example.com, yuvaanlanka@example.com"
Et libero,Amira Gade,amiragade@example.com,913221779533,Jadavpur University,amiragade@example.com
Voluptatem,Zara Warrior,zarawarrior@example.com,917964677891,UNIVERSITY OF CALCUTTA,"zarawarrior@example.com, armaanbahri@example.com, mishtimann@example.com"
Provident adipisci,Kanav Tailor,kanavtailor@example.com,4878116808,Jadavpur University,"kanavtailor@example.com, neelofarbarman@example.com, bhavinwadhwa@example.com"
Beatae,Saira Tara,sairatara@example.com,4990115864,Jadavpur University,"sairatara@example.com, nehmatravi@example.com"
Eligendi enim,Tushar Krish,tusharkrish@example.com,914793975094,university of calcutta,"tusharkrish@example.com, jivikabhat@example.com"
Voluptate explicabo,Aarush Rana,aarushrana@example.com,919175168327,RCCIIT,aarushrana@example.com
Voluptas soluta,Ehsaan Andra,ehsaanandra@example.com,910976709890,"St. Xavier's College (Autonomous), Kolkata","ehsaanandra@example.com, emirsarraf@example.com"
Maxime impedit,Mannat D’Alia,mannatdalia@example.com,5575483692,Jadavpur University ,"mannatdalia@example.com, aayushsawhney@example.com"
Pariatur explicabo,Aniruddh Toor,aniruddhtoor@example.com,5632252563,Jadavpur University,"aniruddhtoor@example.com, indrajitsaini@example.com, arnavdeep@example.com"
Culque facere,Nitya Koshy,nityakoshy@example.com,1171986717,Jadavpur University,"nityakoshy@example.com, tarakota@example.com"
Recusandae harum,Lakshit Gill,lakshitgill@example.com,4930511529,Jadavpur University ,"lakshitgill@example.com, elakshichaudhry@example.com"
Volestias unde,Advika Majumdar,advikamajumdar@example.com,3541659987,JADAVPUR UNIVERSITY,"advikamajumdar@example.com, priyanshbarman@example.com, manikyawagle@example.com"
Eaque molestiae,Ahana  Kalita,ahanakalita@example.com,2896483698,Jadavpur University ,ahanakalita@example.com
Laboriosam laborum,Bhamini Loke,bhaminiloke@example.com,9208256908,Jadavpur University,bhaminiloke@example.com
Quaerat dolores,Tushar Bava,tusharbava@example.com,1174938675,JADAVPUR UNIVERSITY ,tusharbava@example.com
Laborum,Diya Singh,diyasingh@example.com,915622964592,jadavpur university,"diyasingh@example.com, dharmajanmahajan@example.com"
Rerum,Abram Sahota,abramsahota@example.com,9478333106,Jadavpur University,"abramsahota@example.com, fatehkhanna@example.com"
Distinctio necessitatibus,Gokul Master,gokulmaster@example.com,949544467,JAdavpur University,"gokulmaster@example.com, vritikakamdar@example.com, reneevarkey@example.com"
Mollitia incidunt,Kaira Thaman,kairathaman@example.com,6061925721,Jadavpur University ,"kairathaman@example.com, mamootymaharaj@example.com, taimurkeer@example.com"
Omnis doloremque,Aaryahi Bhargava,aaryahibhargava@example.com,911568575722,Jadavpur University ,"aaryahibhargava@example.com, zaindutta@example.com"
Facere,Hansh Bali,hanshbali@example.com,722214485,Jadavpur University,hanshbali@example.com
Laborum voluptatum,Pranay Bail,pranaybail@example.com,2089623100,Jadavpur University ,"pranaybail@example.com, aayushsha@example.com"
Repudiandae perferendis,Drishya Sabharwal,drishyasabharwal@example.com,2595108434,Jadavpur University ,drishyasabharwal@example.com
In eveniet,Tushar Ganguly,tusharganguly@example.com,4953441391,Jadavpur University,tusharganguly@example.com
Fugit quam,Ayesha Sood,ayeshasood@example.com,3027610142,Jadavpur University ,ayeshasood@example.com
Vitae iusto,Sumer Mann,sumermann@example.com,7909575248,Techno India Uni,sumermann@example.com
Reprehenderit necessitatibus,Baiju Chaudhuri,baijuchaudhuri@example.com,2095962885,Jalpaiguri Government Engineering College ,"baijuchaudhuri@example.com, paridugal@example.com, ishaanaggarwal@example.com"
Incidunt alias,Ritvik Dalal,ritvikdalal@example.com,8926593501,JU,ritvikdalal@example.com
Adipisci accusamus,Anya Gola,anyagola@example.com,9077133972,Jadavpur  University ,"anyagola@example.com, ahanadixit@example.com"
Architecto,Yuvraj  Handa,yuvrajhanda@example.com,915749868321,Jadavpur University,yuvrajhanda@example.com
Illum aliquam,Aarush Arora,aarusharora@example.com,5374205510,Jadavpur University,"aarusharora@example.com, yasminvarty@example.com"
Laudantium a,Dishani Bakshi,dishanibakshi@example.com,4301911647,Jadavpur University,"dishanibakshi@example.com, raunakvarughese@example.com, krishkarnik@example.com"
Aut minima,Hunar Kothari,hunarkothari@example.com,7606541224,Jadavpur University ,hunarkothari@example.com
Culpa eveniet,Sara Bhat,sarabhat@example.com,1778474883,Jadavpur University ,"sarabhat@example.com, anyaranganathan@example.com, inaayamammen@example.com"
Ipsa numquam,Lakshit Kala,lakshitkala@example.com,4410940172,Jadavpur University ,"lakshitkala@example.com, bijucherian@example.com"
Illum necessitatibus,Hrishita Jani,hrishitajani@example.com,910836705358,Jadavpur University,"hrishitajani@example.com, stuvangupta@example.com, romilrama@example.com"
Laboriosam accusantium,Manjari Sur,manjarisur@example.com,910309828699,NETAJI SHUBASH ENGINEERING COLLEGE,manjarisur@example.com
Exercitationem,Tanya Apte,tanyaapte@example.com,912042445120,St. Xavier's College Kolkata (Autonomous),tanyaapte@example.com
Error,Indranil Shroff,indranilshroff@example.com,6258093746,Jadavpur University ,"indranilshroff@example.com, indranschaudhary@example.com"
Amet doloribus,Yuvaan Sundaram,yuvaansundaram@example.com,916430691289,Jadavpur University,"yuvaansundaram@example.com, tiyadhillon@example.com"
Eum voluptate,Anaya Karpe,anayakarpe@example.com,9770233127,JADAVPUR UNIVERSITY,"anayakarpe@example.com, siyachakrabarti@example.com"
Maxime,Keya Chanda,keyachanda@example.com,913827983751,Jadavpur University,keyachanda@example.com
Ea mollitia,Ahana  Venkatesh,ahanavenkatesh@example.com,5384753072,Netaji Subhash Engineering College ,ahanavenkatesh@example.com
Minima nostrum,Mishti Gola,mishtigola@example.com,5372173703,Jadavpur University ,mishtigola@example.com
Aut,Suhana Brahmbhatt,suhanabrahmbhatt@example.com,3486613428,Jadavpur University ,suhanabrahmbhatt@example.com
Esse tenetur,Priyansh Bail,priyanshbail@example.com,114642090,Jadavpur University ,priyanshbail@example.com
Quis quaerat,Ranbir Dhawan,ranbirdhawan@example.com,9705686670,Jadavpur University,"ranbirdhawan@example.com, fatehsastry@example.com, nayantaradave@example.com"
Ea,Vaibhav Gara,vaibhavgara@example.com,3484475187,Jadavpur University,"vaibhavgara@example.com, aaravtoor@example.com"
Quasi sit,Rati Cheema,raticheema@example.com,919853121398,Jadavpur University,raticheema@example.com
Inventore aut,Fateh Date,fatehdate@example.com,9539537921,Jalpaiguri Government Engineering College ,"fatehdate@example.com, aliasankar@example.com"
Temporibus,Shray Jaggi,shrayjaggi@example.com,918786952043,Jadavpur university ,"shrayjaggi@example.com, hridaanwarrior@example.com, ahanachaudhari@example.com"
Ab quasi,Ritvik Kaur,ritvikkaur@example.com,3940885478,Jadavpur University,"ritvikkaur@example.com, drishyajohal@example.com"
A natus,Samiha Amble,samihaamble@example.com,918066106332,Heritage Institute Of Technology ,samihaamble@example.com
Ad eum,Trisha Keer,trishakeer@example.com,9717954864,Jadavpur University,"trishakeer@example.com, drishyadixit@example.com, adviktrivedi@example.com"
Necessitatibus omnis,Prerak Sachdeva,preraksachdeva@example.com,1946988095,St.Xaviers College Autonomous ,"preraksachdeva@example.com, tejaskannan@example.com, ayeshalad@example.com"
Deserunt,Indrajit Desai,indrajitdesai@example.com,915719983932,Jadavpur University ,indrajitdesai@example.com
Minus mollitia,Elakshi Karpe,elakshikarpe@example.com,5573995171,Jadavpur University,"elakshikarpe@example.com, devanshrama@example.com"
Voluptatibus,Kabir Chada,kabirchada@example.com,910873216500,Jadavpur University,"kabirchada@example.com, yuvrajdara@example.com"
Magnam id,Ishaan Iyengar,ishaaniyengar@example.com,917629600419,Jadavpur University,"ishaaniyengar@example.com, kavyaraval@example.com"
Facilis facilis,Mahika Kadakia,mahikakadakia@example.com,917889878038,RCC Institute Of Information Technology,mahikakadakia@example.com
Quis,Ela Chaudry,elachaudry@example.com,2599283146,Haldia institute of technology ,elachaudry@example.com
Tempora quod,Tushar Chaudhari,tusharchaudhari@example.com,3123788242,Jadavpur University,"tusharchaudhari@example.com, reneelanka@example.com, indranildass@example.com"
Consequuntur incidunt,Nehmat Sawhney,nehmatsawhney@example.com,917474056852,"Heritage Institute of Technology, Kolkata","nehmatsawhney@example.com, parinaazdugar@example.com, amanikar@example.com"
Quisquam,Jhanvi Choudhury,jhanvichoudhury@example.com,2453845926,Jadavpur University,jhanvichoudhury@example.com
Dolores dolores,Emir Vyas,emirvyas@example.com,6324050813,JU,"emirvyas@example.com, dhanukkorpal@example.com, ojaskale@example.com"
Atque,Akarsh Din,akarshdin@example.com,6904501084,JU,"akarshdin@example.com, sakshamdate@example.com"
Harum corrupti,Anaya Ratti,anayaratti@example.com,919080297730,jadavpur university,"anayaratti@example.com, sanamajumdar@example.com, aniruddhbava@example.com"
Repudiandae,Tarini Karan,tarinikaran@example.com,6449838116,"JADAVPUR UNIVERSITY, KOLKATA","tarinikaran@example.com, anahichandran@example.com, divyanshdugal@example.com"
Quae delectus,Yakshit Sarna,yakshitsarna@example.com,919626300878,Jadavpur University,"yakshitsarna@example.com, anyabhatnagar@example.com, nirvibuch@example.com"
Unde,Ivana Dhillon,ivanadhillon@example.com,8235233523,jalpaiguri government engineering college,"ivanadhillon@example.com, riyathakur@example.com"
Sint consectetur,Anahita Shetty,anahitashetty@example.com,8892115993,St. Xavier's college ,"anahitashetty@example.com, zaindani@example.com, kashvitandon@example.com"
Ipsam enim,Indranil Bhasin,indranilbhasin@example.com,3093665172,Jadavpur University ,"indranilbhasin@example.com, advikabhardwaj@example.com"
Tempore,Keya Rattan,keyarattan@example.com,915127852121,Jadavpur University ,keyarattan@example.com
Nihil,Neelofar Bhavsar,neelofarbhavsar@example.com,6292098712,Jadavpur University,"neelofarbhavsar@example.com, shanayaiyengar@example.com"
Laboriosam vel,Divyansh Tiwari,divyanshtiwari@example.com,4371152331,Brainware University,"divyanshtiwari@example.com, arhaanraju@example.com, nirvaanvohra@example.com"
Officiis quaerat,Shaan Subramaniam,shaansubramaniam@example.com,2860305971,Heritage Institute of Technology technology ,"shaansubramaniam@example.com, dishanibabu@example.com"
Numquam,Urvi Apte,urviapte@example.com,7323415510,"University of Engineering and Management, Kolkata","urviapte@example.com, arnavbedi@example.com"
Occaecati rerum,Farhan Varma,farhanvarma@example.com,3430854416,Jadavpur University,"farhanvarma@example.com, mohanlalbhalla@example.com"
Fugit,Anay D’Alia,anaydalia@example.com,215064612,Jadavpur University,anaydalia@example.com
Dolorum beatae,Lagan Doctor,lagandoctor@example.com,6790467347,"Heritage Institute of Technology, Kolkata","lagandoctor@example.com, anaysarin@example.com, romilrege@example.com"
Mollitia officia,Saanvi Balan,saanvibalan@example.com,914400580475,Jadavpur University,"saanvibalan@example.com, zaramaharaj@example.com, aarushborah@example.com"
Facilis,Tanya Rout,tanyarout@example.com,4133189216,Jadavpur University,"tanyarout@example.com, keyagoswami@example.com"
Iure dolore,Keya Chaudhari,keyachaudhari@example.com,5874814825,Jadavpur University ,"keyachaudhari@example.com, nitarakumar@example.com"
Voluptatem illum,Neelofar Dugar,neelofardugar@example.com,9058597207,Jadavpur University ,"neelofardugar@example.com, urvideshpande@example.com"
Impedit nobis,Divyansh Venkataraman,divyanshvenkataraman@example.com,912619396215,Jadavpur University,"divyanshvenkataraman@example.com, divijbhatt@example.com, hazelchatterjee@example.com"
Quia,Anahi Ahuja,anahiahuja@example.com,5839334973,JADAVPUR UNIVERSITY,"anahiahuja@example.com, ryansule@example.com, zarawali@example.com"
Sed,Dhanush Sethi,dhanushsethi@example.com,918173423765,Jadavpur University,dhanushsethi@example.com
Porro earum,Anika Dani,anikadani@example.com,8389476791,Jadavpur University,"anikadani@example.com, yuvaanhans@example.com, reyanshbhatti@example.com"
Quam,Drishya Ram,drishyaram@example.com,916772011569,Jadavpur University ,"drishyaram@example.com, baijutripathi@example.com"
Ea illum,Tara Ramachandran,tararamachandran@example.com,5194068516,Jadavpur University,"tararamachandran@example.com, ojasagrawal@example.com"
Aliquam,Zain Karan,zainkaran@example.com,94401773,Jalpaiguri Government Engineering College,"zainkaran@example.com, adahmalhotra@example.com"
Dolores eum,Shayak Baria,shayakbaria@example.com,5707628016,Jadavpur University,shayakbaria@example.com
Maxime laboriosam,Charvi Bhatti,charvibhatti@example.com,9714008896,Jadavpur University,charvibhatti@example.com
