Team Name,Participant Type,Participant Name,Participant Email,Participant Phone Number
Quia eaque,team leader,Tiya Krishnamurthy,tiyakrishnamurthy@example.com,8421266071
Ab eius,team member,Krish Madan,krishmadan@example.com,4823927726
Ab eius,team member,Shlok Varughese,shlokvarughese@example.com,2196306734
Ab eius,team leader,Aaryahi Gara,aaryahigara@example.com,9207423064
Illo impedit,team leader,Ahana  Gokhale,ahanagokhale@example.com,5318661231
Ex sapiente,team leader,Anahi Varghese,anahivarghese@example.com,912336154745
Labore aliquid,team leader,Eshani Kunda,eshanikunda@example.com,8716251234
Cupiditate accusamus,team leader,Ivana Baria,ivanabaria@example.com,7951352026
Distinctio fugit,team leader,Zeeshan Shetty,zeeshanshetty@example.com,9450753210
Repellendus at,team leader,Ira Baral,irabaral@example.com,916378372357
Repellendus at,team member,Reyansh Grewal,reyanshgrewal@example.com,913527441263
Aperiam eaque,team leader,Shalv Chakraborty,shalvchakraborty@example.com,6839250990
Velit quae,team leader,Tanya Chawla,tanyachawla@example.com,5756579507
Totam quos,team leader,Arnav Saraf,arnavsaraf@example.com,8294195498
Doloremque voluptas,team leader,Ayesha Barman,ayeshabarman@example.com,5976726424
Consequuntur corporis,team member,Amira Sidhu,amirasidhu@example.com,917097859778
Consequuntur corporis,team leader,Saira Sharma,sairasharma@example.com,918518779124
Vero nobis,team leader,Kiara Tata,kiaratata@example.com,2706296979
Ea possimus,team leader,Mohanlal Bhandari,mohanlalbhandari@example.com,5415737328
Provident sint,team leader,Tarini Comar,tarinicomar@example.com,346861169
Rem adipisci,team leader,Urvi Ben,urviben@example.com,6364759102
Doloremque nostrum,team leader,Shayak Chanda,shayakchanda@example.com,3059126052
Soluta iusto,team leader,Anay Anne,anayanne@example.com,3870317061
Numquam dolor,team leader,Prerak Salvi,preraksalvi@example.com,919945147871
Quidem,team leader,Ryan Gera,ryangera@example.com,4729572722
Possimus aliquam,team leader,Fateh Tandon,fatehtandon@example.com,689379580
Doloribus,team member,Krish Bose,krishbose@example.com,2949001007
Doloribus,team member,Tanya Trivedi,tanyatrivedi@example.com,3559235557
Doloribus,team leader,Sahil Subramaniam,sahilsubramaniam@example.com,916396796032
Impedit aliquam,team leader,Dhanuk Hayer,dhanukhayer@example.com,911974186460
Maxime quos,team leader,Aniruddh Chander,aniruddhchander@example.com,7924270076
Maxime quos,team member,Yuvraj  Bali,yuvrajbali@example.com,910807677717
Maxime quos,team member,Lavanya Kanda,lavanyakanda@example.com,5532138176
Nam deleniti,team leader,Hazel Mane,hazelmane@example.com,9865906390
Voluptates error,team leader,Anya Mane,anyamane@example.com,3649241486
Autem,team leader,Pranay Yogi,pranayyogi@example.com,914611162072
Exercitationem accusamus,team leader,Ira Borde,iraborde@example.com,8879823635
Dignissimos amet,team leader,Arhaan Tandon,arhaantandon@example.com,65557455
Dignissimos amet,team member,Arhaan Bose,arhaanbose@example.com,4507988808
Nesciunt necessitatibus,team leader,Samarth Sibal,samarthsibal@example.com,1244251576
Quaerat quos,team leader,Ritvik Walia,ritvikwalia@example.com,917233372529
Ducimus fugit,team leader,Jayant Shan,jayantshan@example.com,915274595604
Culpa eos,team leader,Vedika Swamy,vedikaswamy@example.com,5272516645
Distinctio asperiores,team leader,Raghav Raju,raghavraju@example.com,911966210587
Cul dignissimos,team leader,Rhea Reddy,rheareddy@example.com,910111625776
Dicta,team leader,Zoya Swaminathan,zoyaswaminathan@example.com,917418534301
Possimus enim,team leader,Kimaya Hayer,kimayahayer@example.com,7675223620
Iure vitae,team leader,Dhruv Lad,dhruvlad@example.com,919186563057
Quibusdam illum,team leader,Ishaan Toor,ishaantoor@example.com,917870667173
Saepe esse,team leader,Rati Subramanian,ratisubramanian@example.com,4181398738
Ut,team leader,Elakshi Grewal,elakshigrewal@example.com,917011441469
Itaque quidem,team leader,Emir Grover,emirgrover@example.com,4227056161
Ratione sint,team leader,Jhanvi Joshi,jhanvijoshi@example.com,919904006736
Amet incidunt,team member,Ritvik Amble,ritvikamble@example.com,9963146026
Amet incidunt,team leader,Vidur Mandal,vidurmandal@example.com,5713506290
Amet incidunt,team member,Ishaan Mani,ishaanmani@example.com,3100323094
Eaque similique,team leader,Heer Lanka,heerlanka@example.com,85011221
Unde porro,team member,Mehul Venkataraman,mehulvenkataraman@example.com,913854164357
Unde porro,team member,Bhavin Chaudhari,bhavinchaudhari@example.com,7326016811
Unde porro,team leader,Divit Majumdar,divitmajumdar@example.com,913558432334
Error perspiciatis,team leader,Seher Wali,seherwali@example.com,919120827482
Inventore,team leader,Alisha Walia,alishawalia@example.com,3749003492
Inventore,team member,Madhav Ratta,madhavratta@example.com,918238157337
Mollitia unde,team leader,Purab Tailor,purabtailor@example.com,4331718106
Mollitia unde,team member,Vedika Sha,vedikasha@example.com,916880598698
Fuga voluptas,team leader,Anahita Ramachandran,anahitaramachandran@example.com,912412274229
Quidem dolore,team leader,Yuvraj  Apte,yuvrajapte@example.com,7150285555
Veniam distinctio,team leader,Vedika Borde,vedikaborde@example.com,915131535796
Perferendis quia,team leader,Misha Majumdar,mishamajumdar@example.com,910632445985
Volestias ad,team leader,Indrajit Sridhar,indrajitsridhar@example.com,911632816343
A culque,team leader,Zara Grewal,zaragrewal@example.com,1163093259
Aspernatur eaque,team member,Stuvan Solanki,stuvansolanki@example.com,4340497264
Aspernatur eaque,team leader,Zeeshan Dalal,zeeshandalal@example.com,5618613191
Aspernatur eaque,team member,Kabir Bakshi,kabirbakshi@example.com,914724113859
Nam earum,team leader,Ayesha Mahal,ayeshamahal@example.com,911307895716
Quis voluptate,team leader,Kashvi Kala,kashvikala@example.com,7650015512
Sint eveniet,team leader,Biju Dada,bijudada@example.com,3206760019
Ullam quaerat,team leader,Ishaan Sidhu,ishaansidhu@example.com,911020496734
Unde voluptates,team leader,Pari Lall,parilall@example.com,912582322709
Est unde,team leader,Ranbir Tata,ranbirtata@example.com,7819401491
Aliquid maiores,team leader,Krish Ganesh,krishganesh@example.com,5241954524
Illo culpa,team leader,Divij Dalal,divijdalal@example.com,8057582205
Quibusdam quibusdam,team leader,Krish Master,krishmaster@example.com,915336803329
Magnam aut,team leader,Sahil Rama,sahilrama@example.com,4742940547
Dicta quaerat,team leader,Zoya Bassi,zoyabassi@example.com,913188983610
Quae exercitationem,team leader,Jayant Dhillon,jayantdhillon@example.com,7976527791
Sint earum,team leader,Shray Dhillon,shraydhillon@example.com,2660588338
Recusandae eaque,team leader,Sara Chaudhary,sarachaudhary@example.com,919264505465
Fugiat dignissimos,team leader,Rhea Srinivas,rheasrinivas@example.com,878999037
Iure eum,team leader,Divyansh Deo,divyanshdeo@example.com,4378398784
Sapiente eveniet,team leader,Jayesh Jani,jayeshjani@example.com,917509276360
Sunt perferendis,team leader,Ishita Mani,ishitamani@example.com,915305823821
Reiciendis hic,team leader,Gokul Bhalla,gokulbhalla@example.com,914245666816
Eligendi,team leader,Mannat Ratta,mannatratta@example.com,8223359188
Ducimus inventore,team leader,Zaina Rout,zainarout@example.com,3343807270
Quia laboriosam,team leader,Urvi Dayal,urvidayal@example.com,913517465084
Sequi perferendis,team leader,Seher Rajan,seherrajan@example.com,6156709871
Minus quos,team leader,Indrajit Madan,indrajitmadan@example.com,1121200558
Neque tenetur,team leader,Mishti Tandon,mishtitandon@example.com,918017009016
Iste quisquam,team leader,Saira Wali,sairawali@example.com,7963801451
Doloremque ut,team leader,Bhavin Bala,bhavinbala@example.com,5921133674
Hic nulla,team leader,Nirvi Goswami,nirvigoswami@example.com,908778388
Quod facilis,team leader,Emir Sankaran,emirsankaran@example.com,7142657970
Culque deserunt,team leader,Aaryahi Sule,aaryahisule@example.com,5396756934
Aspernatur harum,team leader,Samar Mandal,samarmandal@example.com,3558241866
Sapiente eius,team leader,Riaan Sani,riaansani@example.com,4307050694
Modi,team leader,Aaina Doctor,aainadoctor@example.com,4333637794
Saepe perferendis,team leader,Kanav Chacko,kanavchacko@example.com,674571534
Enim sequi,team leader,Kartik Khatri,kartikkhatri@example.com,916765567574
Nesciunt doloribus,team leader,Siya Sandal,siyasandal@example.com,1720337951
Laboriosam laboriosam,team leader,Shray Subramaniam,shraysubramaniam@example.com,1991157894
Volestias,team leader,Ela Ghose,elaghose@example.com,910602419024
Ipsum ab,team leader,Indranil Kumer,indranilkumer@example.com,333558103
Itaque illo,team leader,Biju Dutta,bijudutta@example.com,6764043378
Id necessitatibus,team leader,Myra Soman,myrasoman@example.com,764975337
Consequatur,team leader,Alia Bandi,aliabandi@example.com,1066507907
Nisi minima,team leader,Riya Koshy,riyakoshy@example.com,911197134221
Blanditiis eligendi,team leader,Ahana  Mahajan,ahanamahajan@example.com,916530970730
Placeat eaque,team leader,Kaira Karpe,kairakarpe@example.com,912883974944
Et libero,team leader,Amira Gade,amiragade@example.com,913221779533
Voluptate explicabo,team leader,Aarush Rana,aarushrana@example.com,919175168327
Eaque molestiae,team leader,Ahana  Kalita,ahanakalita@example.com,2896483698
Laboriosam laborum,team leader,Bhamini Loke,bhaminiloke@example.com,9208256908
Quaerat dolores,team leader,Tushar Bava,tusharbava@example.com,1174938675
Facere,team leader,Hansh Bali,hanshbali@example.com,722214485
Repudiandae perferendis,team leader,Drishya Sabharwal,drishyasabharwal@example.com,2595108434
In eveniet,team leader,Tushar Ganguly,tusharganguly@example.com,4953441391
Fugit quam,team leader,Ayesha Sood,ayeshasood@example.com,3027610142
Vitae iusto,team leader,Sumer Mann,sumermann@example.com,7909575248
Incidunt alias,team leader,Ritvik Dalal,ritvikdalal@example.com,8926593501
Architecto,team leader,Yuvraj  Handa,yuvrajhanda@example.com,915749868321
Aut minima,team leader,Hunar Kothari,hunarkothari@example.com,7606541224
Laboriosam accusantium,team leader,Manjari Sur,manjarisur@example.com,910309828699
Exercitationem,team leader,Tanya Apte,tanyaapte@example.com,912042445120
Maxime,team leader,Keya Chanda,keyachanda@example.com,913827983751
Ea mollitia,team leader,Ahana  Venkatesh,ahanavenkatesh@example.com,5384753072
Minima nostrum,team leader,Mishti Gola,mishtigola@example.com,5372173703
Aut,team leader,Suhana Brahmbhatt,suhanabrahmbhatt@example.com,3486613428
Esse tenetur,team leader,Priyansh Bail,priyanshbail@example.com,114642090
Quasi sit,team leader,Rati Cheema,raticheema@example.com,919853121398
A natus,team leader,Samiha Amble,samihaamble@example.com,918066106332
Deserunt,team leader,Indrajit Desai,indrajitdesai@example.com,915719983932
Facilis facilis,team leader,Mahika Kadakia,mahikakadakia@example.com,917889878038
Quis,team leader,Ela Chaudry,elachaudry@example.com,2599283146
Quisquam,team leader,Jhanvi Choudhury,jhanvichoudhury@example.com,2453845926
Tempore,team leader,Keya Rattan,keyarattan@example.com,915127852121
Rerum repudiandae,team leader,Tushar Chaudhari,tusharchaudhari@example.com,2752979965
Fugit,team leader,Anay D’Alia,anaydalia@example.com,215064612
Sed,team leader,Dhanush Sethi,dhanushsethi@example.com,918173423765
Dolores eum,team leader,Shayak Baria,shayakbaria@example.com,5707628016
Maxime laboriosam,team leader,Charvi Bhatti,charvibhatti@example.com,9714008896
Quasi,team leader,Farhan Ramesh,farhanramesh@example.com,9378726098
Nesciunt,team leader,Riaan Dave,riaandave@example.com,918530403071
Architecto neque,team leader,Prerak Sant,preraksant@example.com,6732270572
Eveniet ipsa,team leader,Uthkarsh Chhabra,uthkarshchhabra@example.com,912706700399
Quo,team leader,Amira Desai,amiradesai@example.com,354371597
Iure,team leader,Zara Cherian,zaracherian@example.com,915449369251
Ullam temporibus,team leader,Kiaan Sodhi,kiaansodhi@example.com,2340102766
Aliquid,team leader,Advika Singh,advikasingh@example.com,918196499626
Nesciunt alias,team leader,Aarna Kata,aarnakata@example.com,7887641418
Nihil a,team leader,Ivana Chandra,ivanachandra@example.com,914029365757
Inventore illo,team leader,Riya Dayal,riyadayal@example.com,8428318379
Ipsa,team leader,Kabir Buch,kabirbuch@example.com,4600534849
Recusandae fuga,team leader,Miraya Rajan,mirayarajan@example.com,910381717236
Autem blanditiis,team leader,Jiya Srivastava,jiyasrivastava@example.com,2139726853
Aspernatur consectetur,team leader,Lavanya Hayre,lavanyahayre@example.com,911508404903
Ullam,team leader,Siya Shukla,siyashukla@example.com,3283538997
Incidunt,team leader,Mishti Mall,mishtimall@example.com,913470163634
Mollitia,team leader,Vivaan Sinha,vivaansinha@example.com,6813668180
Quo et,team leader,Uthkarsh Swaminathan,uthkarshswaminathan@example.com,895524744
Eum corrupti,team leader,Yuvraj  Mahal,yuvrajmahal@example.com,4538934671
Eaque eligendi,team leader,Neelofar D’Alia,neelofardalia@example.com,917150559050
Hic minima,team leader,Neelofar Shan,neelofarshan@example.com,6875628284
Dolorum,team leader,Jivika Barad,jivikabarad@example.com,5043802453
Quibusdam perferendis,team leader,Ishita Tandon,ishitatandon@example.com,919448803839
Vel mollitia,team leader,Misha Borde,mishaborde@example.com,1777301293
Non,team leader,Ivan Butala,ivanbutala@example.com,20086671
Fuga inventore,team leader,Oorja Vasa,oorjavasa@example.com,6874221424
Soluta pariatur,team leader,Inaaya  Bail,inaayabail@example.com,1091292963
Id,team leader,Amira Deo,amiradeo@example.com,914122039484
Laboriosam,team leader,Shamik Manda,shamikmanda@example.com,6265823534
Qui nostrum,team leader,Zara Sura,zarasura@example.com,9602993648
Iure unde,team leader,Darshit Kota,darshitkota@example.com,3331408017
Occaecati dolores,team leader,Anvi Jhaveri,anvijhaveri@example.com,2358125736
Quod,team leader,Hansh Ben,hanshben@example.com,918502694149
Labore soluta,team leader,Devansh Yohannan,devanshyohannan@example.com,599620618
Laboriosam aspernatur,team leader,Indrajit Dada,indrajitdada@example.com,3613209580
Nulla,team leader,Purab Divan,purabdivan@example.com,7720318939
Ad a,team leader,Riaan Bala,riaanbala@example.com,4935175496
Corporis,team leader,Umang Ramaswamy,umangramaswamy@example.com,7254844198
Animi,team leader,Ela Warrior,elawarrior@example.com,7550287369
Similique,team leader,Adah Mangal,adahmangal@example.com,7261056546
Cupiditate distinctio,team leader,Rasha Aggarwal,rashaaggarwal@example.com,3955266262
Error ad,team leader,Diya Dada,diyadada@example.com,1735351614
Minus quasi,team leader,Suhana Talwar,suhanatalwar@example.com,917498170808
Volestiae,team leader,Diya Sibal,diyasibal@example.com,7419836132
Possimus exercitationem,team leader,Tara Sinha,tarasinha@example.com,4236294009
Et,team leader,Nakul Swaminathan,nakulswaminathan@example.com,2825376360
Saepe praesentium,team leader,Tanya Das,tanyadas@example.com,3633313752
Veniam a,team leader,Vardaniya Upadhyay,vardaniyaupadhyay@example.com,368310383
Libero soluta,team leader,Umang De,umangde@example.com,2632201661
Odio praesentium,team leader,Ehsaan Rau,ehsaanrau@example.com,5247036335
Incidunt libero,team leader,Tejas Upadhyay,tejasupadhyay@example.com,6372451250
Volestias qui,team leader,Jayan Balakrishnan,jayanbalakrishnan@example.com,946098500
Adipisci eos,team leader,Nakul Som,nakulsom@example.com,3720111394
Voluptatem,team leader,Zara Warrior,zarawarrior@example.com,917964677891
Provident adipisci,team leader,Kanav Tailor,kanavtailor@example.com,4878116808
Beatae,team leader,Saira Tara,sairatara@example.com,4990115864
Eligendi enim,team leader,Tushar Krish,tusharkrish@example.com,914793975094
Voluptas soluta,team leader,Ehsaan Andra,ehsaanandra@example.com,910976709890
Maxime impedit,team leader,Mannat D’Alia,mannatdalia@example.com,5575483692
Pariatur explicabo,team leader,Aniruddh Toor,aniruddhtoor@example.com,5632252563
Culque facere,team leader,Nitya Koshy,nityakoshy@example.com,1171986717
Recusandae harum,team leader,Lakshit Gill,lakshitgill@example.com,4930511529
Volestias unde,team leader,Advika Majumdar,advikamajumdar@example.com,3541659987
Laborum,team leader,Diya Singh,diyasingh@example.com,915622964592
Rerum,team leader,Abram Sahota,abramsahota@example.com,9478333106
Distinctio necessitatibus,team leader,Gokul Master,gokulmaster@example.com,949544467
Mollitia incidunt,team leader,Kaira Thaman,kairathaman@example.com,6061925721
Omnis doloremque,team leader,Aaryahi Bhargava,aaryahibhargava@example.com,911568575722
Laborum voluptatum,team leader,Pranay Bail,pranaybail@example.com,2089623100
Reprehenderit necessitatibus,team leader,Baiju Chaudhuri,baijuchaudhuri@example.com,2095962885
Adipisci accusamus,team leader,Anya Gola,anyagola@example.com,9077133972
Illum aliquam,team leader,Aarush Arora,aarusharora@example.com,5374205510
Laudantium a,team leader,Dishani Bakshi,dishanibakshi@example.com,4301911647
Culpa eveniet,team leader,Sara Bhat,sarabhat@example.com,1778474883
Ipsa numquam,team leader,Lakshit Kala,lakshitkala@example.com,4410940172
Illum necessitatibus,team leader,Hrishita Jani,hrishitajani@example.com,910836705358
Error,team leader,Indranil Shroff,indranilshroff@example.com,6258093746
Amet doloribus,team leader,Yuvaan Sundaram,yuvaansundaram@example.com,916430691289
Eum voluptate,team leader,Anaya Karpe,anayakarpe@example.com,9770233127
Quis quaerat,team leader,Ranbir Dhawan,ranbirdhawan@example.com,9705686670
Ea,team leader,Vaibhav Gara,vaibhavgara@example.com,3484475187
Inventore aut,team leader,Fateh Date,fatehdate@example.com,9539537921
Temporibus,team leader,Shray Jaggi,shrayjaggi@example.com,918786952043
Ab quasi,team leader,Ritvik Kaur,ritvikkaur@example.com,3940885478
Ad eum,team leader,Trisha Keer,trishakeer@example.com,9717954864
Necessitatibus omnis,team leader,Prerak Sachdeva,preraksachdeva@example.com,1946988095
Minus mollitia,team leader,Elakshi Karpe,elakshikarpe@example.com,5573995171
Voluptatibus,team leader,Kabir Chada,kabirchada@example.com,910873216500
Magnam id,team leader,Ishaan Iyengar,ishaaniyengar@example.com,917629600419
Consequuntur incidunt,team leader,Nehmat Sawhney,nehmatsawhney@example.com,917474056852
Dolores dolores,team leader,Emir Vyas,emirvyas@example.com,6324050813
Atque,team leader,Akarsh Din,akarshdin@example.com,6904501084
Harum corrupti,team leader,Anaya Ratti,anayaratti@example.com,919080297730
Repudiandae,team leader,Tarini Karan,tarinikaran@example.com,6449838116
Quae delectus,team leader,Yakshit Sarna,yakshitsarna@example.com,919626300878
Unde,team leader,Ivana Dhillon,ivanadhillon@example.com,8235233523
Sint consectetur,team leader,Anahita Shetty,anahitashetty@example.com,8892115993
Ipsam enim,team leader,Indranil Bhasin,indranilbhasin@example.com,3093665172
Nihil,team leader,Neelofar Bhavsar,neelofarbhavsar@example.com,6292098712
Laboriosam vel,team leader,Divyansh Tiwari,divyanshtiwari@example.com,4371152331
Officiis quaerat,team leader,Shaan Subramaniam,shaansubramaniam@example.com,2860305971
Numquam,team leader,Urvi Apte,urviapte@example.com,7323415510
Occaecati rerum,team leader,Farhan Varma,farhanvarma@example.com,3430854416
Dolorum beatae,team leader,Lagan Doctor,lagandoctor@example.com,6790467347
Mollitia officia,team leader,Saanvi Balan,saanvibalan@example.com,914400580475
Facilis,team leader,Tanya Rout,tanyarout@example.com,4133189216
Iure dolore,team leader,Keya Chaudhari,keyachaudhari@example.com,5874814825
Voluptatem illum,team leader,Neelofar Dugar,neelofardugar@example.com,9058597207
Impedit nobis,team leader,Divyansh Venkataraman,divyanshvenkataraman@example.com,912619396215
Quia,team leader,Anahi Ahuja,anahiahuja@example.com,5839334973
Porro earum,team leader,Anika Dani,anikadani@example.com,8389476791
Quam,team leader,Drishya Ram,drishyaram@example.com,916772011569
Ea illum,team leader,Tara Ramachandran,tararamachandran@example.com,5194068516
Aliquam,team leader,Zain Karan,zainkaran@example.com,94401773
Quasi,team member,,samarthtella@example.com,
Nesciunt,team member,,vivaansathe@example.com,
Nesciunt,team member,,daminilall@example.com,
Architecto neque,team member,,siyajayaraman@example.com,
Eveniet ipsa,team member,,dhanukagarwal@example.com,
Quo,team member,,hunarbhagat@example.com,
Iure,team member,,divijsehgal@example.com,
Iure,team member,,sakshammaster@example.com,
Ullam temporibus,team member,,taragaba@example.com,
Aliquid,team member,,zaravasa@example.com,
Aliquid,team member,,aarnachokshi@example.com,
Nesciunt alias,team member,,piyalal@example.com,
Nesciunt alias,team member,,hazelcherian@example.com,
Nihil a,team member,,daminiravel@example.com,
Inventore illo,team member,,tanyaroy@example.com,
Ipsa,team member,,armaanchokshi@example.com,
Recusandae fuga,team member,,sahilsood@example.com,
Autem blanditiis,team member,,vivaankuruvilla@example.com,
Autem blanditiis,team member,,kanavd’alia@example.com,
Aspernatur consectetur,team member,,nehmatsagar@example.com,
Ullam,team member,,sanadhingra@example.com,
Incidunt,team member,,ojaschauhan@example.com,
Mollitia,team member,,dhanushdayal@example.com,
Mollitia,team member,,lakshitkumer@example.com,
Quo et,team member,,jivinsarin@example.com,
Eum corrupti,team member,,jayeshverma@example.com,
Eaque eligendi,team member,,samihakakar@example.com,
Eaque eligendi,team member,,kartikthaman@example.com,
Hic minima,team member,,amiramangal@example.com,
Hic minima,team member,,urvibhargava@example.com,
Dolorum,team member,,aradhyahanda@example.com,
Dolorum,team member,,alialuthra@example.com,
Quibusdam perferendis,team member,,advikahayre@example.com,
Quibusdam perferendis,team member,,irakala@example.com,
Vel mollitia,team member,,zainaratti@example.com,
Non,team member,,aarushdutta@example.com,
Non,team member,,reyanshlala@example.com,
Fuga inventore,team member,,zainabail@example.com,
Fuga inventore,team member,,prerakbatta@example.com,
Soluta pariatur,team member,,alishasaraf@example.com,
Soluta pariatur,team member,,shaanbains@example.com,
Id,team member,,ahanahora@example.com,
Id,team member,,indranilchatterjee@example.com,
Laboriosam,team member,,lakshayraju@example.com,
Laboriosam,team member,,advikdar@example.com,
Qui nostrum,team member,,uthkarshdeol@example.com,
Iure unde,team member,,arhaanmaster@example.com,
Iure unde,team member,,ratichad@example.com,
Occaecati dolores,team member,,taradey@example.com,
Occaecati dolores,team member,,vritikamanne@example.com,
Quod,team member,,veerwadhwa@example.com,
Labore soluta,team member,,taimurgarg@example.com,
Laboriosam aspernatur,team member,,nehmatbassi@example.com,
Laboriosam aspernatur,team member,,samihakala@example.com,
Nulla,team member,,piyavasa@example.com,
Nulla,team member,,anaysibal@example.com,
Ad a,team member,,fatehsama@example.com,
Corporis,team member,,dhanukbhagat@example.com,
Corporis,team member,,nitarabrahmbhatt@example.com,
Animi,team member,,lakshitcomar@example.com,
Similique,team member,,alialalla@example.com,
Cupiditate distinctio,team member,,lakshitaggarwal@example.com,
Error ad,team member,,rheabora@example.com,
Minus quasi,team member,,farhanbhatti@example.com,
Minus quasi,team member,,ryansamra@example.com,
Volestiae,team member,,advikadyal@example.com,
Possimus exercitationem,team member,,jayeshmall@example.com,
Possimus exercitationem,team member,,jivikamallick@example.com,
Et,team member,,purabedwin@example.com,
Saepe praesentium,team member,,ratisandhu@example.com,
Veniam a,team member,,kabirdyal@example.com,
Libero soluta,team member,,samarkar@example.com,
Odio praesentium,team member,,yashvichakraborty@example.com,
Incidunt libero,team member,,farhansarin@example.com,
Incidunt libero,team member,,anyadora@example.com,
Volestias qui,team member,,tiyakannan@example.com,
Adipisci eos,team member,,yuvaanlanka@example.com,
Voluptatem,team member,,armaanbahri@example.com,
Voluptatem,team member,,mishtimann@example.com,
Provident adipisci,team member,,neelofarbarman@example.com,
Provident adipisci,team member,,bhavinwadhwa@example.com,
Beatae,team member,,nehmatravi@example.com,
Eligendi enim,team member,,jivikabhat@example.com,
Voluptas soluta,team member,,emirsarraf@example.com,
Maxime impedit,team member,,aayushsawhney@example.com,
Pariatur explicabo,team member,,indrajitsaini@example.com,
Pariatur explicabo,team member,,arnavdeep@example.com,
Culque facere,team member,,tarakota@example.com,
Recusandae harum,team member,,elakshichaudhry@example.com,
Volestias unde,team member,,priyanshbarman@example.com,
Volestias unde,team member,,manikyawagle@example.com,
Laborum,team member,,dharmajanmahajan@example.com,
Rerum,team member,,fatehkhanna@example.com,
Distinctio necessitatibus,team member,,vritikakamdar@example.com,
Distinctio necessitatibus,team member,,reneevarkey@example.com,
Mollitia incidunt,team member,,mamootymaharaj@example.com,
Mollitia incidunt,team member,,taimurkeer@example.com,
Omnis doloremque,team member,,zaindutta@example.com,
Laborum voluptatum,team member,,aayushsha@example.com,
Reprehenderit necessitatibus,team member,,paridugal@example.com,
Reprehenderit necessitatibus,team member,,ishaanaggarwal@example.com,
Adipisci accusamus,team member,,ahanadixit@example.com,
Illum aliquam,team member,,yasminvarty@example.com,
Laudantium a,team member,,raunakvarughese@example.com,
Laudantium a,team member,,krishkarnik@example.com,
Culpa eveniet,team member,,anyaranganathan@example.com,
Culpa eveniet,team member,,inaayamammen@example.com,
Ipsa numquam,team member,,bijucherian@example.com,
Illum necessitatibus,team member,,stuvangupta@example.com,
Illum necessitatibus,team member,,romilrama@example.com,
Error,team member,,indranschaudhary@example.com,
Amet doloribus,team member,,tiyadhillon@example.com,
Eum voluptate,team member,,siyachakrabarti@example.com,
Quis quaerat,team member,,fatehsastry@example.com,
Quis quaerat,team member,,nayantaradave@example.com,
Ea,team member,,aaravtoor@example.com,
Inventore aut,team member,,aliasankar@example.com,
Temporibus,team member,,hridaanwarrior@example.com,
Temporibus,team member,,ahanachaudhari@example.com,
Ab quasi,team member,,drishyajohal@example.com,
Ad eum,team member,,drishyadixit@example.com,
Ad eum,team member,,adviktrivedi@example.com,
Necessitatibus omnis,team member,,tejaskannan@example.com,
Necessitatibus omnis,team member,,ayeshalad@example.com,
Minus mollitia,team member,,devanshrama@example.com,
Voluptatibus,team member,,yuvrajdara@example.com,
Magnam id,team member,,kavyaraval@example.com,
Tempora quod,team member,,reneelanka@example.com,
Tempora quod,team member,,indranildass@example.com,
Consequuntur incidunt,team member,,parinaazdugar@example.com,
Consequuntur incidunt,team member,,amanikar@example.com,
Dolores dolores,team member,,dhanukkorpal@example.com,
Dolores dolores,team member,,ojaskale@example.com,
Atque,team member,,sakshamdate@example.com,
Harum corrupti,team member,,sanamajumdar@example.com,
Harum corrupti,team member,,aniruddhbava@example.com,
Repudiandae,team member,,anahichandran@example.com,
Repudiandae,team member,,divyanshdugal@example.com,
Quae delectus,team member,,anyabhatnagar@example.com,
Quae delectus,team member,,nirvibuch@example.com,
Unde,team member,,riyathakur@example.com,
Sint consectetur,team member,,zaindani@example.com,
Sint consectetur,team member,,kashvitandon@example.com,
Ipsam enim,team member,,advikabhardwaj@example.com,
Nihil,team member,,shanayaiyengar@example.com,
Laboriosam vel,team member,,arhaanraju@example.com,
Laboriosam vel,team member,,nirvaanvohra@example.com,
Officiis quaerat,team member,,dishanibabu@example.com,
Numquam,team member,,arnavbedi@example.com,
Occaecati rerum,team member,,mohanlalbhalla@example.com,
Dolorum beatae,team member,,anaysarin@example.com,
Dolorum beatae,team member,,romilrege@example.com,
Mollitia officia,team member,,zaramaharaj@example.com,
Mollitia officia,team member,,aarushborah@example.com,
Facilis,team member,,keyagoswami@example.com,
Iure dolore,team member,,nitarakumar@example.com,
Voluptatem illum,team member,,urvideshpande@example.com,
Impedit nobis,team member,,divijbhatt@example.com,
Impedit nobis,team member,,hazelchatterjee@example.com,
Quia,team member,,ryansule@example.com,
Quia,team member,,zarawali@example.com,
Porro earum,team member,,yuvaanhans@example.com,
Porro earum,team member,,reyanshbhatti@example.com,
Quam,team member,,baijutripathi@example.com,
Ea illum,team member,,ojasagrawal@example.com,
Aliquam,team member,,adahmalhotra@example.com,
